,id,text,date,user,user_id,favorite_cnt,retweet_cnt
0,1172399416315011075,"Les Croques t1 de @lea_maze est un des 4 #Talents #BD 2019 dÃ©cernÃ© par les comitÃ©s de Lecture @Cultura, le livre sera mis en avant pendant une annÃ©e ! #bandedessinee #jeunesse prix @AssoACBD [LIEN]",Fri Sep 13 06:39:37 +0000 2019,Ã‰d. de la GouttiÃ¨re,586427018,6,3
1,1172412498831532032,Vous lisez quoi en ce moment ? #VendrediLecture(Notre CM est Ã  court d'idÃ©e help @FranceLoisirs et @Cultura ) [LIEN],Fri Sep 13 07:31:36 +0000 2019,Jardiland,14693679,17,0
2,1172414507915722752,"#vendredilecture Dans ma pile Ã  lire, il y a le tome 3 de Lady Helen. Autant vous dire que jâ€™ai hÃ¢te de le dÃ©couvrir Livres disponibles chez @Cultura #culturajubile [LIEN]",Fri Sep 13 07:39:35 +0000 2019,Black Confetti,2840646220,5,2
3,1172425383800532995,215 kilos de fournitures scolaires collectÃ©s durant 2 semaines de collecte chez @Cultura Fouquieres Merci Ã  nos bÃ©nÃ©voles et Ã  notre partenaire Cultura pour leur accueil chaleureux et Ã  tous les donateurs qui vont contribuer sensiblement Ã  la rÃ©ussite scolaire des enfants!! [LIEN],Fri Sep 13 08:22:48 +0000 2019,SPF Noeux-Les-Mines,3065895471,8,4
4,1172432069265223680,"Coup de gueule @Cultura Epagny (74).Je cherche ""sauvons notre patrimoine"" de @bernstephane. 1ere vendeuse cherche vaguement dans les rayons, se cache derriÃ¨re un logiciel de loc qui ne marche pas.(suite en com)",Fri Sep 13 08:49:22 +0000 2019,LeBoudoirLittÃ©raire,2240187208,0,0
5,1172473272874819585,#bonplan #jeuxvideo Mario &amp; Sonic at the Olympic Games Tokyo 2020 sur Switch Ã  48.99â‚¬ @Cultura â–¶ï¸[LIEN] [LIEN],Fri Sep 13 11:33:06 +0000 2019,Chapali Games,929360130260553728,0,0
6,1172478395206262785,Coucou @Cultura je compte passer aprÃ¨s le taf dans un de test magasins chercher un exemplaire de #DaemonXMachina sur #NintendoSwitch Garde-moi Ã§a au chaud stp ;),Fri Sep 13 11:53:27 +0000 2019,Samy Joe,2271435055,2,0
7,1172487184739438593,Dites @Cultura câ€™est quand vous faites des packs avec des albums des BTS ? Avec des prix compÃ©titifs ? ğŸ¥º,Fri Sep 13 12:28:23 +0000 2019,Bangtan Boys France,1161251243001634816,0,0
8,1172523905380208640,"Liste des choses Ã  faire ce weekend : - essayer le nouveau resto qui vient d'ouvrir dans la rue ğŸ- essayer de courir un peu plus que 5km ğŸƒâ€â™€ï¸- aller faire un tour chez @Cultura, @Fnac ou sur le site de @PearsonFrance â¬‡ï¸[LIEN] [LIEN]",Fri Sep 13 14:54:18 +0000 2019,Great Place to WorkÂ®France,195693057,4,2
9,1172590411535306752,"Ma #VendrediLecture c'est ""Toubien, Toumal"" chez @GallimardJeun par #constanceverluca #julienhirsinger &amp; #cathykarsenty un #talent jeunesse @CulturaEt quand les petits Ã©coutent et sont aussi attentifs c'est que le pari est rÃ©ussi ! â¤ï¸ğŸ“šğŸ‘¦ğŸ‘¦ [LIEN]",Fri Sep 13 19:18:34 +0000 2019,DominiqueSudre,2330345568,4,0
10,1172924730090885123,Il a suffi de quelques signes@Cultura [LIEN],Sat Sep 14 17:27:02 +0000 2019,Il a suffi de quelques signes,1128559525924167680,13,5
11,1173218412060917760,La chef @BabetteDR partira dÃ©but octobre Ã  la rencontre de son public Ã  travers les magasins @Cultura L'occasion d'Ã©changer et de partager quelques anecdotes de recettes et d'Ã©changer sur son parcours. [LIEN],Sun Sep 15 12:54:01 +0000 2019,Florian Kermorvant,2430876588,1,1
12,1173222152004341760,C'est un vÃ©ritable plaisir que d'accueillir de nouveau @tetemusic sur les magasins @Cultura En Showcase et en SÃ©ance de DÃ©dicaces du dernier album #fauthentique [LIEN] @BMGFrance [LIEN],Sun Sep 15 13:08:53 +0000 2019,Florian Kermorvant,2430876588,2,1
13,1173265886746202113,"Je ne rÃ©siste pas au plaisir de partager avec vous l'apprÃ©ciation de David, responsable du rayon librairie Ã  @Cultura @CHAMBRAY37170 concernant mon Romain ""Demain, 32 dÃ©cembre"" aux Ã©ditions La Geste @romain_naudin â˜€ï¸ğŸ˜ğŸ˜‰ [LIEN]",Sun Sep 15 16:02:40 +0000 2019,MarieFranÃ§oise SacrÃ©,845572538,10,1
14,1173589268469604353,"Hey, @Cultura vous participez au Batman Day ? Merciiii",Mon Sep 16 13:27:40 +0000 2019,Axel Coezard,1096543378668507136,0,0
15,1173606373541724160,Saga de prÃ¨s de 1000 pages. Les Ã‰meraldistes #auteur #roman #esoterisme #emeraude #heraldique #graal #riteecossais #Tradition #initiation #pythagore #Agartha #PosÃ©diÃ´n-IonnÃ¨s âœ¨ğŸ”±âšœï¸E-book 3.99. BrochÃ© 19.90 @amazon @Fnac @Decitre @Cultura @sauramps @Librinova @laprocure... [LIEN],Mon Sep 16 14:35:38 +0000 2019,MICHAELIS MELEAS,1016348141220659201,2,1
16,1173615325193154560,Rho!!!Jâ€™ai TROP DE LA CHANCE !Et pas moins de deux sms en plus pour me prÃ©venir de la bonne nouvelle. Merci @Cultura :)#AchatDesManuelsScolaires [LIEN],Mon Sep 16 15:11:12 +0000 2019,NawakLand,347252990,2,0
17,1173616015693012992,Hasbro Game Night sur Switch Ã  23.9e au lieu de 49.9e @Amazon / 19.99e @Cultura [LIEN] #bonplan [LIEN],Mon Sep 16 15:13:57 +0000 2019,SerialDealer.fr : les meilleurs bons plans,589098532,0,1
18,1173627485168295936,"Excellente nouvelle, @JustForGames_FR propose les bandes-son au format vinyle de vos jeux prÃ©fÃ©rÃ©s : Wolfenstein, Uncharted, Zelda, Metal Gear Solid... Toute la collection : [LIEN] Prix : Ã  partir de 27.99â‚¬. Dispo chez @HypergamesA @Cultura et @JustForGames_FR [LIEN]",Mon Sep 16 15:59:32 +0000 2019,Aurelien,69258893,25,8
19,1173658757307482112,Je suis allÃ©e Ã  @Cultura dimanche.On est plusieurs dans ma tÃªte et on a n'a clairement pas les mÃªmes occupations... ğŸ¤£ [LIEN],Mon Sep 16 18:03:47 +0000 2019,ElysÃ©a R.,961653840696238080,1,0
20,1173687417762717696,"VoilÃ , le corner @GeekLifeLeMans Ã  la @FoireduMans est terminÃ©. Merci Ã  @chane_art, @IntrepideLm, @Geeknpop, @Cultura, @MatosandGames, #secretmans, #sebi-prod, #atelierduvet et tout le corner pour ces beaux moments partagÃ©s. Que de souvenirs ğŸ’• A bientÃ´t. A trÃ¨s vite. MUTINERIE !",Mon Sep 16 19:57:41 +0000 2019,ğŸ„ Goodisfigurine â˜ƒï¸,705798036627312640,5,0
21,1173890395907997696,Bonjour @Cultura .Je voulais savoir si c'Ã©tait vrai ou une fausse frayeur ? Sur ma commande de zelda collector c'est marquÃ© Â«Livraison Ã  partir duÂ 21/09/2019Â»J'ai fait une commande pour Ãªtre livrÃ©e en magasin. Du coup j'espÃ©rais l'avoir le 20 ğŸ˜±Merci Ã  vous ğŸ˜‰,Tue Sep 17 09:24:14 +0000 2019,Tsuna Prime á›á›Šáš¢áš¾ášª ášªá›—ášªá›‘áš¾á›á›š,559417758,0,0
22,1173896095283470336,Coucou @Cultura.Question-reponse du jour : est-il possible de faire rentrer un chef d'oeuvre de @bandBeirut de 31.3 cm de cÃ´tÃ© dans un carton de 29.4 ? AprÃ¨s 10 jours d'attente la rÃ©ponse est : apparemment non... [LIEN],Tue Sep 17 09:46:53 +0000 2019,stÃ©phane monnot,1381287176,1,0
23,1174039439020122114,Hello @Cultura faites vous certaines rÃ©parations pour un violon ? (Un chevalet Ã  raccourcir par exemple et un changement de cordes),Tue Sep 17 19:16:29 +0000 2019,ãƒ„,1088009900712755200,0,0
24,1174042774678773761,"J'espÃ¨re que la @Fnac de NÃ®mes ou le @Cultura de NÃ®mes feront venir @LenniKim pour un showcase avant 2020, tout les fans du sud comte sur vous ! ğŸ˜‰",Tue Sep 17 19:29:44 +0000 2019,EmmafandelennikimğŸ’œ,1125463074390065152,0,0
25,1174243387521884160,"Le jour oÃ¹ je gagne au loto, je m'achÃ¨te cette machine !

LA CRICUT MAKER ! ğŸ˜

Sauf si @Cultura me l'annÃ©e prochaine pour mon anniversaire ğŸ™ˆğŸ™ğŸ¼

J'ai le droit de rÃªver ? ğŸ™ŠğŸ™ˆ [LIEN]",Wed Sep 18 08:46:54 +0000 2019,Emilly ğŸ’•,877844742,1,1
26,1174280537919430656,"Les amiibo du 15 novembre sont en prÃ©commande sur @Cultura Ã  14,99â‚¬ !
Chromâ¡ï¸ [LIEN]
Felinferno â¡ï¸ [LIEN]
Simon Belmont â¡ï¸ [LIEN]
RÃ©sumÃ© des prÃ©commandes â¡ï¸ [LIEN] [LIEN]",Wed Sep 18 11:14:31 +0000 2019,Nintend'Alerts,3238748839,20,4
27,1174281221330878465,"Innovations managÃ©riales : retour sur deux jours de sÃ©minaire au sein de @Cultura. ğŸ’¡

Ateliers, confÃ©rences, tables rondes, pitchs, apports mÃ©thodologiquesâ€¦ Deux jours qui ont permis de transformer 200 #managers en leaders inspirants !

â• d'infos â¡ï¸ [LIEN] [LIEN]",Wed Sep 18 11:17:14 +0000 2019,ABILWAYS DIGITAL,2831465287,0,0
28,1174285960626024448,"Une vague d'annulation du collector #zelda chez @Cultura ou c'est juste moi ? RÃ©serve des le Premier jour chez eux et annulÃ© ce matin. 
@hamsterjoueur @ChocoBonPlan",Wed Sep 18 11:36:04 +0000 2019,Maxime,262106621,0,0
29,1174314694850613248,"Ã‡a  serait  trop bien une sÃ©ance  dÃ©dicace  d'amir  Ã  cultura  Ã  Mandelieu avant sa pause 
Cc @Cultura",Wed Sep 18 13:30:15 +0000 2019,Lea â¤ amir ğŸ”¥,4343162301,2,0
30,1174333169727918081,Quand tu attends que @Cultura tâ€™envoie le mail pour te dire que ton collector de #ZeldaLinksAwakening est dispo (un peu) en avance [LIEN],Wed Sep 18 14:43:40 +0000 2019,JackMLantern,301595746,2,0
31,1174358696203313152,"Bonjour @Cultura , juste pour vous informer que c'est la 2eme fois que j'ai un payement de prÃ©commande avec Paypal qui ne passe pas ( rÃ©glÃ© par cb du coup). Je pense que ya un petit soucis de votre cotÃ© :D",Wed Sep 18 16:25:06 +0000 2019,SÃ©bastien,83824895,0,0
32,1174367605802655744,"Un kit parfait pour crÃ©er en couleurs : des crayons @Cultura, une trousse, un agenda et un carnet Life Journal de Quo Vadis... Tout Ã§a est Ã  gagner en ce moment sur le compte Instagram de Cultura ! ğŸ‘‡ [LIEN]",Wed Sep 18 17:00:30 +0000 2019,Quo Vadis,156899023,0,0
33,1174367871977349121,"Je rÃ©pÃ¨te : ceux qui sont dÃ©jÃ  en train de jouer Ã  #Zelda #LinksAwakening je vous mÃ©prise ! 

Vivement mon collector @Cultura ğŸ˜‰ [LIEN]",Wed Sep 18 17:01:34 +0000 2019,Samy Joe,2271435055,14,2
34,1174568960953655296,"Quand @Cultura te met de bonne humeur de si bon matin ! Du coup, je passe chercher mon collector de #Zelda #LinksAwakening aprÃ¨s le taf ğŸ‘
#NintendoSwitch #NintendoSwitchLite [LIEN]",Thu Sep 19 06:20:37 +0000 2019,Samy Joe,2271435055,14,0
35,1174589074981756928,Salut @hamsterjoueur :) C'est la deuxiÃ¨me fois en moins d'un mois que @Cultura m'annonce que le jeu que j'ai prÃ©co des mois a l'avance arrivera une semaine (au mieux) aprÃ¨s la sortie. Tu sais si ca arrive souvent avec eux ? Pour savoir pour mes futures prÃ©co,Thu Sep 19 07:40:32 +0000 2019,HibouProfene,2494738320,0,0
36,1174594225901637632,Bon c'est bien gentil de nous envoyer un sms + mail pour dire bonjour votre jeu zelda est arrivÃ© mais arrivÃ©e en magasin de @Cultura c'est Â«non dÃ©solÃ©e pas avant demainÂ» . Alors que le service client m'avait dit jeudi possible.,Thu Sep 19 08:01:01 +0000 2019,Tsuna Prime á›á›Šáš¢áš¾ášª ášªá›—ášªá›‘áš¾á›á›š,559417758,0,0
37,1174603344628854784,Lâ€™espace librairie @Cultura est disponible uÃ  salon #professionl toute la journÃ©e. Prenez de lâ€™inspiration ğŸŒŸ [LIEN],Thu Sep 19 08:37:15 +0000 2019,ProfessionL,2923837167,0,0
38,1174634596086026240,Bon et bien j'apprends aujourd'hui que ma prÃ©co datÃ©e du 10/07 du collector Zelda Link's Awakening a Ã©tÃ© annulÃ©e car le dÃ©lai Paypal est tombÃ©... et Ã©videmment @Cultura m'en informe seulement aujourd'hui (enfin parce que je me suis connectÃ© Ã  mon compte sinon... tintin) ğŸ˜¤ğŸ˜¤ğŸ˜¤ğŸ˜¤,Thu Sep 19 10:41:26 +0000 2019,Nostaljeu 2000,226509147,1,0
39,1174652131950944257,EEEEEEEETTTTTTT MERCI @nintendalerts @hamsterjoueur et @Cultura ğŸ‘ŒğŸ‘ŒğŸ‘ŒğŸ‘ŒğŸ˜±ğŸ˜±ğŸ˜±ğŸ˜±ğŸ˜±ğŸ˜± [LIEN],Thu Sep 19 11:51:06 +0000 2019,Marty,768370303999287296,10,0
40,1174675235813167105,"Chers lecteurs et cinÃ©philes de BesanÃ§on, un Ã©vÃ¨nement de choix vous attend le samedi 5/10.

Ã€ l'occasion de la sortie de son ouvrage sur John Carpenter, StÃ©phane Bouley (@GKPlugInBaby) sera prÃ©sent au @Cultura pour une confÃ©rence/dÃ©dicace.

L'event FBâ¤µ
[LIEN] [LIEN]",Thu Sep 19 13:22:55 +0000 2019,Third Editions ğŸ‡«ğŸ‡·,104935612,7,2
41,1174714885495775233,"Les #amiibo #SSBU #SuperSmashBrosUltimate #PokÃ©mon #Herbizarre ğŸŒ¹&amp; #Carapuce ğŸ¢ sont arrivÃ©s!!! ğŸ’•
Et pour une fois je fais des infidÃ©litÃ© Ã  Micromania (f*ck leur 16,99â‚¬/piÃ¨ce lÃ !!!)!!! ğŸ˜† Herbizarre chez #Leclerc @Leclerc_JV @Leclerc &amp; Carapuce #Cultura @Cultura ğŸ˜ [LIEN]",Thu Sep 19 16:00:28 +0000 2019,Ã‰lie,827611356811636736,2,0
42,1174720666467274752,"Arrivage d' #amiibos
#Snake #MetalGearSolid
#LINK #LinksAwakening 
@Amiibo @AmiiboNews @amiiboFrance @AmiiboActu 
@hamsterjoueur @ChocoBonPlan @nintendalerts 
Merci @Cultura ğŸ‘ [LIEN]",Thu Sep 19 16:23:26 +0000 2019,âš½ Fab âš½ ğŸ‡«ğŸ‡· â­â­ ğŸ®,822139736999546881,19,0
43,1174721205221433344,Retour sur Cocolint â¤ğŸ˜ Merci Ã  @Cultura #LinksAwakening [LIEN],Thu Sep 19 16:25:35 +0000 2019,Darkjuampi,110769252,3,0
44,1174727978326122497,Merci @ChocoBonPlan @nintendalerts pour le super plan 89â‚¬ chez @Cultura par contre jâ€™ai eu un bref espoir que la boÃ®te nâ€™ai pas lâ€™horrible logo USK. Mais non il est bien la. [LIEN],Thu Sep 19 16:52:30 +0000 2019,Arthur,117701579,3,0
45,1174737190917722114,"Jâ€™suis yomb jâ€™achÃ¨te un crayon Ã  @Cultura je rentre chez moi je le taille la mine est en miette yâ€™a plus rien, vous cassez les c a pas prendre soin des affaires",Thu Sep 19 17:29:06 +0000 2019,Ñ‡Ğ°Ñ€Ğ»ÑŒ3 #LoMatriX,1042346142489608192,2,0
46,1174757214160076800,Merci @OlivierNorek @michellafon @Pocket_Editions et @Cultura Balma pour ce beau moment de partage qui fait du bien au moral! [LIEN],Thu Sep 19 18:48:40 +0000 2019,Lilie,586052043,9,0
47,1174781425570201601,Le #PoscaTour ce week-end Ã  @Cultura Puilboreau ! [LIEN],Thu Sep 19 20:24:52 +0000 2019,POSCA,223411643,8,2
48,1174937635703291904,Moi attendant le mail de @Cultura pour me dire que mon coffret The Legend of Zelda Linkâ€™s Awakening est dispo [LIEN],Fri Sep 20 06:45:36 +0000 2019,Poupimali,82614873,4,0
49,1174948254426886145,"Le collector Ã  l'heure pour 89,99â‚¬, lÃ  c'est du bon plan. Merci !
@ChocoBonPlan @Cultura [LIEN]",Fri Sep 20 07:27:47 +0000 2019,LenÅf SchrÃ¶dinger,394088157,3,0
50,1174966089710628864,"C est aujourd'hui ğŸ”¥ #Zelda #ZeldaLinksAwakening #NintendoSwitch #Nintendo @NintendoFrance #GamingLife
Aah moi les nuits blanches @Matsumot0 @tidav52 @EMB_GAMING @HokutoFuryo @DjZouZRemix
A ma pause dej je fonce ğŸï¸ tel un #OnePlus6TMcLaren Ã  @Cultura [LIEN]",Fri Sep 20 08:38:40 +0000 2019,Dam'S,302100383,7,1
51,1174972482324840448,Rappel : je serai demain avec mon collÃ¨gue Arnaud Cornillet au @Cultura de Chantepie de 10h Ã  18h. Venez donc nous rencontrer ! [LIEN],Fri Sep 20 09:04:04 +0000 2019,Guillaume Guegan,4453685205,3,4
52,1174985118282395648,Merci @Cultura c'est la premiÃ¨re fois que je reÃ§ois le collector le jour de sa sortie mais surtout avant le jeu seul. Merci ğŸ™‚ mon mari va Ãªtre au ange ğŸ˜‡ [LIEN],Fri Sep 20 09:54:17 +0000 2019,Juste Moi ğŸ˜œ,915632712,1,0
53,1174996672637804544,"Hello @Fnac @Cultura 
Vous participez au #BatmanDay ( joker l'homme qui rit offert pour 2 batman achetÃ© )? [LIEN]",Fri Sep 20 10:40:11 +0000 2019,Yeil ğŸŒŸğŸŒŸ,2895233031,0,0
54,1175071574162051072,"Et bah dis donc ils plaisantent pas avec le service client chez @Cultura â¤ï¸
Un gentil message, une collÃ¨gue du SAV qui mâ€™appelle pour expliquer le souci et me confirmer que mon colis est bien en boutique.
Que du love. Merci ! :) [LIEN]",Fri Sep 20 15:37:49 +0000 2019,Poupimali,82614873,7,0
55,1175122603301904386,"Et voilÃ , le collector #LinksAwakening est bien chez moi ! Merci encore Ã  @hamsterjoueur, @ChocoBonPlan et @nintendalerts pour les alertes, et le travail colossal que vous faites. Vous Ãªtes incroyables ! Merci aussi @Cultura, depuis la prÃ©commande de ma WiiU, jamais dÃ©Ã§u. [LIEN]",Fri Sep 20 19:00:36 +0000 2019,Arnaud,492638526,9,1
56,1175162276078399489,"Hey #VendrediLecture venez dÃ©couvrir #draenite . Luna vous attend ! Le premier chapitre est disponible sur la page facebook Draenite officiel . N'hÃ©sitez pas Ã  laissez vos avis ! Le Tome 1 est disponible sur @amazon 
@Fnac @Cultura @Cdiscount et autres ğŸ˜Š",Fri Sep 20 21:38:14 +0000 2019,Draeniteofficiel,1165767234834317312,3,3
57,1175394893465870336,"Oups. Je suis passÃ©e Ã  @Cultura pour faire un cadeau, et je suis ressortie avec des livres pour moi ğŸ˜‹ğŸ˜ [LIEN]",Sat Sep 21 13:02:35 +0000 2019,Esther Jules,2552888088,1,0
58,1175402529301192704,On en parle de @Cultura qui a Ã©tÃ© pas livrÃ©e du tout en #NinoKuni @BandaiNamcoFR,Sat Sep 21 13:32:55 +0000 2019,Hoshizora,3372791236,0,0
59,1175412836702597121,ğŸ“š âœï¸ A la une du @sudouest @SO_Charente @JBGueganOff @BabetteDR @harryroselmack @veroniquegenest bientÃ´t au @Cultura de #larochelle #showcase #dedicace #rencontre #promo @Ed_Flammarion @SonyMusicFr @EscDistribution ğŸ¶ğŸŒ [LIEN],Sat Sep 21 14:13:53 +0000 2019,Florian Kermorvant,2430876588,0,0
60,1175416291039092736,Quelqu'un peut me dire si @Cultura et @Fnac participe au #BatmanDay2019 cette annÃ©e ? Je vois le #BatmanDayCulturaFnac mais pas trop d'infos la dessus mÃªme sur les sites web.... #BatmanDay,Sat Sep 21 14:27:36 +0000 2019,GrÎ£g â­â­,2738476900,0,0
61,1175454522338160640,Vous Ãªtes d'humeur Ã  lire du polar ? Venez dans le Tarn ! 2e journÃ©e  demain. @Cultura #salondulivre #romanpolicier #polar @OlivierNorek @NicolasTackian #liguedelimaginaire [LIEN],Sat Sep 21 16:59:31 +0000 2019,Carole Bessiere,925041740192600066,4,0
62,1175549696812732416,"La billetterie existe vraiment, pour un Ã©vÃ©nement vieux d'Ã  peine un an. En scÃ¨ne #PrJoyeux et #PierreRabhi, soutenus officiellement et sans honte par @Biocoop (dont l'ex-nÂ°1 @gruffat_claude a rejoint EELV pour les europÃ©ennes) et @Cultura notamment.   
[LIEN] [LIEN]",Sat Sep 21 23:17:43 +0000 2019,NoÃ«l Bardelot ğŸ‡«ğŸ‡·ğŸ‡ªğŸ‡º,1103863494,1,3
63,1176033169868578816,"#lundifleuri et Happy Fall ! ğŸ‚
Jâ€™en ai profitÃ© pour rÃ©aliser une illustration sur ce thÃ¨me et essayer les nouveaux fineliners #monali, la gamme beaux-arts de @Cultura Ces feutres Ã  pointes calibrÃ©es sont parfaits, lâ€™encre glisse sans accrocherğŸ‘ŒğŸ» [LIEN]",Mon Sep 23 07:18:51 +0000 2019,Black Confetti,2840646220,9,3
64,1176045082950152192,Bonne nouvelle l album Â«Â Je Tu EllesÂ Â» @emji vient d entrer sur la premiÃ¨re semaine dans le top 200 des tÃ©lÃ©chargements Ã  la 62e place @fnacspectacles @Cultura @anousparis @CulturalAgenda [LIEN],Mon Sep 23 08:06:12 +0000 2019,rider,1205300258,4,3
65,1176089922048057345,"[Test Alfawise C30] AprÃ¨s la gravure sur bois on test la dÃ©coupe de feuille de Canson noir de chez @Cultura
A suivre ğŸ˜
@GearbestFR @elcp72 @TheGearbest [LIEN]",Mon Sep 23 11:04:22 +0000 2019,LesImprimantes3D.fr,1381297304,11,3
66,1176092136732803072,"Bonjour @Cultura, je viens de recevoir votre mail concernant une offre de tablette HD si lâ€™on sâ€™abonne un an Ã  un Magazine, peut-on avoir plus dâ€™infos sur la marque et les caractÃ©ristiques de la tablette svp ?",Mon Sep 23 11:13:10 +0000 2019,ğ“ƒğ’¶ğ“ğ“ğ’¶,865992180934037504,0,0
67,1176191196009390081,"Quand tu vas faire un tour chez @cultura et que tu repars avec du #Persona5. Extrait et poster en libre service, Ã§a fait bien plaisir. Cc @Pikabsynthe [LIEN]",Mon Sep 23 17:46:48 +0000 2019,"Mary, Agent de la SHD #TheDivision2",2233375999,6,0
68,1176193857408655361,"Bonjour @Cultura, ma mÃ¨re et moi nous nous sommes demandÃ©es si vous aviez pas trouver plus grand comme contenant pour nous envoyer une carte ? 
Un magasin comme le votre doit pourtant en vendre des enveloppes, non ? [LIEN]",Mon Sep 23 17:57:22 +0000 2019,ChÃ©rie,527831140,1,2
69,1176274197783416834,Jâ€™ai tellement de livres Ã  acheter au mois dâ€™octobre ğŸ˜­@Cultura vous voulez pas mâ€™offrir une carte cadeau ?,Mon Sep 23 23:16:37 +0000 2019,Ellea na ğŸŒ±,616577845,0,0
70,1176384120789901312,"Retrouvez moi aux cÃ´tÃ©s d @_OlivierGiroud_ dans vos kiosques, @Fnac @Cultura @AUCHAN_France #presse Envoyez moi vos photos dans les rayons avec le #magazineJÃ©sus
et je les postes. 1 cadeau surprise vous attends #tirage #plusquesportifs [LIEN]",Tue Sep 24 06:33:25 +0000 2019,Joel,404162680,2,1
71,1176438847955197952,"Ã‰meute Ã  prÃ©voir Ã  @Cultura La Rochelle : le doudou sonore des fans de Johnny vient y pousser la chansonnette rock ce mercredi !

#JeanBaptisteGuegan

[LIEN]",Tue Sep 24 10:10:53 +0000 2019,CHRONIQUES D'ALIÃ‰NOR,967423000386654208,0,0
72,1176470099982725120,"Et vous, vous en pensez quoi du #paiement en #cryptomonnaie dans les points de vente franÃ§ais ? #bitcoin #argent #monnaie #numerique #technology #tech @Conforama @boulanger @Cultura @Decathlon @MDM_FR [LIEN]",Tue Sep 24 12:15:04 +0000 2019,INOP'S,1435260462,0,0
73,1176471920734285825,"Bravo !!! ğŸ‘ğŸ‘ğŸ‘ @NicolasTackianÂ  laurÃ©at du Prix de la Ligue Imaginaire - @CulturaÂ  pour son thriller #Avalanche Hotel. Un prix remis sur le salon @lisle_noirÂ 
Pour lire l'interview de l'auteur Ã  l'occasion de la remise du prix, c'est lÃ : [LIEN] [LIEN]",Tue Sep 24 12:22:18 +0000 2019,EditionsCalmann-LÃ©vy,700610517694439424,15,5
74,1176539294195945472,Hey @Cultura y aurai possibilitÃ© de me pistonner pour un poste chez vous ? ğŸ§,Tue Sep 24 16:50:01 +0000 2019,ğŸ•basse-toucheğŸ•,432577970,1,0
75,1176579628963700742,"Ma soeur avait le dos tournÃ© du coup...
@Cultura 
J'ai laissÃ© un petit mot pour vous
C'est cadeau [LIEN]",Tue Sep 24 19:30:17 +0000 2019,Honey_Byun 'ã……' JE VAIS VOIR GOT7,1061032572392820736,20,5
76,1176774815413342208,"ğŸ“Œ #dÃ©dicace #MontluÃ§on ğŸ“Œ @CkroyerRoyer samedi 5 octobre 2019 10 h Ã  18 h Cultura @Cultura de MontluÃ§on (03) 

[LIEN]

@Montagnemnt @MontluconOff @Montlu03100  @Allierdpt @auvergnerhalpes #suspense #polar #lecture #books  #AuvergneRhoneAlpes #Allier #Montlucon [LIEN]",Wed Sep 25 08:25:54 +0000 2019,Taurnada,2546295464,0,2
77,1176778831048429568,"DÃ©dicace au @Cultura de Sainte GeneviÃ¨ve des Bois (91) le 12 octobre de 14h Ã  18h &lt;3 

(En attendant, je retourne Ã©crire bÃ©bÃ© 3 !)",Wed Sep 25 08:41:51 +0000 2019,ElysÃ©a R.,961653840696238080,4,0
78,1176862435778662402,Coucou @SophieLambda j'ai finalement ete a @Cultura pour voir s'ils avaient la bd et quelle fut ma surprise quand j'ai appris qu'ils l'avaient en stock mais qu'ils ne l'avaient pas encore sortie sur les etalages. Heureusement un gentil vendeur est alle me la chercher ğŸ˜Š [LIEN],Wed Sep 25 14:14:04 +0000 2019,LilicoptÃ¨re,733438124282548224,3,0
79,1176911297914593281,Coucou @franceculture @Fnac @Cultura @Figaro_Culture @CulturezVous @lemonde_culture @Autourdeslivres @blogdeslivres @unjour1livre @livreshebdo @MondedesLivres @UnLivreUnJour ...DM svp ? pour  un ğŸ“š atypique dont les droits sont rÃ©servÃ©s aux pupilles desğŸ‘¨â€ğŸš’ğŸš’ et @TerreFraternite [LIEN],Wed Sep 25 17:28:14 +0000 2019,Le Jargon du Pompier ğŸ‘¨â€ğŸš’ğŸš’,3092200577,18,8
80,1177115146184998912,Bon @Cultura vous allez bien lÃ¢cher FIFA aujourd'hui !,Thu Sep 26 06:58:15 +0000 2019,Le P'tit Gone,2314852833,0,0
81,1177149789349273600,"Hey chez @Cultura ils sont au top.
Le vendeur qui vient me conseiller pour rÃ©aliser le lac sur ma maquette, me donne plein de conseils, on voit quâ€™il aime le modÃ©lisme Ã©galement. 
Nickel ğŸ‘ŒğŸ» 
.
.
.
(Et il est sexy ğŸ¤«)",Thu Sep 26 09:15:54 +0000 2019,Ju,364284863,36,0
82,1177159878370103298,"#jeudipolar 
[LIEN] 

Le prix Cultura de la ligue de lâ€™imaginaire 2019 - @Cultura dÃ©cernÃ© Ã  @NicolasTackian pour son roman ""Avalanche HÃ´tel""  
paru aux Ã©ditions @calmann_levy [LIEN]",Thu Sep 26 09:56:00 +0000 2019,BePolar.fr,799171071878500352,9,4
83,1177258647308656641,"Le rocker du Havre Little Bob sera en dÃ©dicace le 5/10 au @Cultura de Montivilliers ! Ses 3 albums #LostTerritories, #BlueStories et #LibÃ©ro sont dispo en CD &amp; 2LP ici : [LIEN]
LimitÃ©es Ã  500 ex, les Ã©ditions 2LP sont pressÃ©es Ã  180g avec pochette gatefold. [LIEN]",Thu Sep 26 16:28:28 +0000 2019,Modulor,112736741,0,0
84,1177282010827632642,Pour l'info l'Ã©dition collector de Zelda link awakening est de nouveau disponible chez @Cultura pour ceux qui veulent ce la procurer c'est le moment a mon avis c'est les derniers exemplaires #ZeldaLinksAwakening,Thu Sep 26 18:01:18 +0000 2019,Guillaume/TekiLa,920940813407973376,0,0
85,1177295460681363456,Arrivage du jour : trouvaille rÃ©cente chez @Cultura ! J'avais envie de lire cette histoire depuis un bail et quand j'ai vu le prix j'ai pas tergiversÃ© ğŸ˜ [LIEN],Thu Sep 26 18:54:45 +0000 2019,Nostaljeu 2000,226509147,2,0
86,1177539655039930368,"Les premiÃ¨res dates de dÃ©dicaces du ""NÃ©cropoliTour"" :  â¡ï¸4/10 @LibrairieLDF (soirÃ©e de lancement)
â¡ï¸5/10 @GibertJoseph (avec @EstelleFaye1)
â¡ï¸19/10 @BrasserieEtre 
â¡ï¸26/10 @Cultura St-GeneviÃ¨ve
â¡ï¸23/11 @_CRITIC Rennes
â¡ï¸3O/11 Rencontres de l'Imaginaire de SÃ¨vres",Fri Sep 27 11:05:06 +0000 2019,Rodolphe Casso,2330156142,1,0
87,1177478567099109381,"[On en parle] #vendrediLecture â€¢ Talent @Cultura 2019, Mon amie @AlexandraKZYK est laurÃ©ate du prix Librairie MÃ©rignac MondÃ©sir 2019 pour son 1er roman Â« Ã€ crier dans les ruines Â» aux @forgesdevulcain ! DÃ©dicace Ã  @Merignac ce samedi 28 sept. de 9h30 Ã  12h30 #ACrierdanslesRuines [LIEN]",Fri Sep 27 07:02:21 +0000 2019,Laurent Albaret,48821730,20,4
88,1177615085944102912,"Yâ€™en a qui comme moi ont eu du mal Ã  ce procurer #DragonQuestXIS en grande surface aujourdâ€™hui? Jeu indisponible Ã  @carrefour, Ã  @Leclerc, je lâ€™ai finalement trouvÃ© Ã  @Cultura! Les vendeurs ne connaissaient mÃªme pas ce jeu magistral. Ah par contre pour  #FIFA20 , ya du monde :-(",Fri Sep 27 16:04:50 +0000 2019,Ningosaure,1135195393342496770,0,0
